episode,steps,return_train,return_plot,actual_score,avg_train_100,avg_plot_100,avg_score_100,max_plot,ecoef,coef_dis
100,769,253.01999999999998,195.0,198.0,137.68640000000002,140.51,141.64,419.0,0.05,0.3
200,1522,167.63,205.0,206.0,138.2881,141.62,142.38,419.0,0.05,0.3
300,2286,49.06999999999999,147.0,149.0,147.88389999999998,151.02,151.98,427.0,0.05,0.3
400,3060,49.89,105.0,105.0,169.28439999999995,165.14,166.12,440.0,0.05,0.3
500,3818,42.01000000000001,72.0,72.0,149.5952,148.2,149.22,440.0,0.05,0.3
