episode,reward,avg_reward_100,num_held
100,0.5,0.47,5
200,0.5,0.44799999999999995,5
300,0.5,0.46599999999999997,5
400,0.5,0.47600000000000003,5
500,0.5,0.4700000000000001,5
